adapter	adaptera	MASC;INAN
afiks	afiksu	MASC;INAN
agresja	agresji	FEM
agresor	agresora	MASC;HUM
akademik	akademika	MASC;HUM
akordeonistka	akordeonistki	FEM
akromegalia	akromegalii	FEM
aktor	aktora	MASC;HUM
akupunktura	akupunktury	FEM
alarm	alarmu	MASC;INAN
alkaloid	alkaloidu	MASC;INAN
ambasada	ambasady	FEM
ambasadorka	ambasadorki	FEM
antygen	antygenu	MASC;INAN
antylopa	antylopy	FEM
arginina	argininy	FEM
arnika	arniki	FEM
astrolabium	astrolabium	NEUT
atom	atomu	MASC;INAN
atrybut	atrybutu	MASC;INAN
bagnica	bagnicy	FEM
bajgiel	bajgla	MASC;INAN
balast	balastu	MASC;INAN
balsam	balsamu	MASC;INAN
banda	bandy	FEM
bank	banku	MASC;INAN
baobab	baobabu	MASC;INAN
beczka	beczki	FEM
beleczka	beleczki	FEM
bezpieczeństwo	bezpieczeństwa	NEUT
bełkot	bełkotu	MASC;INAN
biblioteczka	biblioteczki	FEM
biegunka	biegunki	FEM
biogaz	biogazu	MASC;INAN
bliźni	bliźniego	MASC;HUM
bliźniak	bliźniaka	MASC;HUM
bogini	bogini	FEM
borowik	borowika	MASC;ANIM
borowina	borowiny	FEM
brama	bramy	FEM
bramkarz	bramkarza	MASC;HUM
bransoleta	bransolety	FEM
brezent	brezentu	MASC;INAN
brona	brony	FEM
broń	broni	FEM
brukowiec	brukowca	MASC;INAN
brukselka	brukselki	FEM
brunetka	brunetki	FEM
bryza	bryzy	FEM
brzeg	brzegu	MASC;INAN
brzuch	brzucha	MASC;INAN
bród	brodu	MASC;INAN
budziszynianin	budziszynianina	MASC;HUM
bufor	buforu	MASC;INAN
bulla	bulli	FEM
bulwka	bulwki	FEM
burmistrz	burmistrza	MASC;HUM
butelka	butelki	FEM
buziak	buziaka	MASC;ANIM
bułgarka	bułgarki	FEM
bójka	bójki	FEM
bąbelek	bąbelka	MASC;INAN
błękit	błękitu	MASC;INAN
cebula	cebuli	FEM
cedr	cedru	MASC;INAN
celnik	celnika	MASC;HUM
cent	centa	MASC;ANIM
chabeta	chabety	FEM
chleb	chleba	MASC;INAN
cholewa	cholewy	FEM
chrupek	chrupka	MASC;INAN
chruścik	chruścika	MASC;ANIM
chwila	chwili	FEM
chłodnik	chłodniku	MASC;INAN
chłop	chłopa	MASC;HUM
ciacho	ciacha	NEUT
ciąg	ciągu	MASC;INAN
cięciwa	cięciwy	FEM
cud	cudu	MASC;INAN
cudzołożnik	cudzołożnika	MASC;HUM
cudzysłów	cudzysłowu	MASC;INAN
cukrzyca	cukrzycy	FEM
cuma	cumy	FEM
cyganka	cyganki	FEM
cykloida	cykloidy	FEM
cytoplazma	cytoplazmy	FEM
czarnoksiężnik	czarnoksiężnika	MASC;HUM
czasomierz	czasomierza	MASC;INAN
czekan	czekana	MASC;INAN
czerpak	czerpaka	MASC;INAN
czerwiec	czerwca	MASC;INAN
czop	czopu	MASC;INAN
czosnaczek	czosnaczka	MASC;INAN
czumak	czumaka	MASC;HUM
czytelnik	czytelnika	MASC;HUM
dachówka	dachówki	FEM
daktylowiec	daktylowca	MASC;INAN
danina	daniny	FEM
darowizna	darowizny	FEM
darń	darni	FEM
delirium	delirium	NEUT
depesza	depeszy	FEM
despota	despoty	MASC;HUM
deszczówka	deszczówki	FEM
diament	diamentu	MASC;INAN
dinozaur	dinozaura	MASC;ANIM
dodekafonia	dodekafonii	FEM
dokument	dokumentu	MASC;INAN
dolar	dolara	MASC;ANIM
doniczka	doniczki	FEM
dotyk	dotyku	MASC;INAN
dozorca	dozorcy	MASC;HUM
dromader	dromadera	MASC;ANIM
drzemka	drzemki	FEM
dunka	dunki	FEM
dupek	dupka	MASC;HUM
dynamit	dynamitu	MASC;INAN
dynia	dyni	FEM
dyskoteka	dyskoteki	FEM
dzban	dzbanu	MASC;INAN
działaczka	działaczki	FEM
dzierżawca	dzierżawcy	MASC;HUM
dzień	dnia	MASC;INAN
dzikus	dzikusa	MASC;HUM
dziureczka	dziureczki	FEM
dziurka	dziurki	FEM
dziwadło	dziwadła	NEUT
dziób	dziobu	MASC;INAN
dżentelmen	dżentelmena	MASC;HUM
dżingiel	dżingla	MASC;INAN
ekonomistka	ekonomistki	FEM
ekshibicjonista	ekshibicjonisty	MASC;HUM
eksklawa	eksklawy	FEM
endorfina	endorfiny	FEM
episkopat	episkopatu	MASC;INAN
epitet	epitetu	MASC;INAN
europejka	europejki	FEM
facet	faceta	MASC;HUM
farad	farada	MASC;INAN
fauna	fauny	FEM
fałsz	fałszu	MASC;INAN
fenicjanka	fenicjanki	FEM
figa	figi	FEM
filtr	filtru	MASC;INAN
fizyka	fizyki	FEM
fonon	fononu	MASC;INAN
forum	forum	NEUT
foton	fotonu	MASC;INAN
fresk	fresku	MASC;INAN
fretka	fretki	FEM
furman	furmana	MASC;HUM
fuszer	fuszera	MASC;HUM
gabinet	gabinetu	MASC;INAN
gadożer	gadożera	MASC;ANIM
gadzinówka	gadzinówki	FEM
gamepad	gamepada	MASC;INAN
ganek	ganku	MASC;INAN
garbus	garbusa	MASC;HUM
gleba	gleby	FEM
goniec	gońca	MASC;HUM
gorycz	goryczy	FEM
goryczka	goryczki	FEM
gospodarstwo	gospodarstwa	NEUT
gospodarz	gospodarza	MASC;HUM
gościniec	gościńca	MASC;INAN
graca	gracy	FEM
granatnik	granatnika	MASC;INAN
greczynka	greczynki	FEM
grom	gromu	MASC;INAN
grono	grona	NEUT
groszek	groszku	MASC;INAN
grucha	gruchy	FEM
gruczoł	gruczołu	MASC;INAN
gruszyczka	gruszyczki	FEM
gumno	gumna	NEUT
guziczek	guziczka	MASC;INAN
gwizdek	gwizdka	MASC;INAN
góra	góry	FEM
gówno	gówna	NEUT
gąsienica	gąsienicy	FEM
gęstość	gęstości	FEM
głośność	głośności	FEM
głód	głodu	MASC;INAN
harem	haremu	MASC;INAN
hobby	hobby	NEUT
homograf	homografu	MASC;INAN
horoskop	horoskopu	MASC;INAN
hreczanyk	hreczanyka	MASC;INAN
ibis	ibisa	MASC;ANIM
ideał	ideału	MASC;INAN
iloraz	ilorazu	MASC;INAN
indianin	indianina	MASC;HUM
inkunabuł	inkunabułu	MASC;INAN
internat	internatu	MASC;INAN
internista	internisty	MASC;HUM
jajecznica	jajecznicy	FEM
japa	japy	FEM
jarzmo	jarzma	NEUT
jałowiec	jałowca	MASC;INAN
jedynka	jedynki	FEM
jesień	jesieni	FEM
jeżyna	jeżyny	FEM
jogurt	jogurtu	MASC;INAN
jupiter	jupitera	MASC;INAN
języczek	języczka	MASC;INAN
kac	kaca	MASC;ANIM
kaczę	kaczęcia	NEUT
kajak	kajaka	MASC;INAN
kaleka	kaleki	FEM
kalif	kalifa	MASC;HUM
kalwinista	kalwinisty	MASC;HUM
kamerzysta	kamerzysty	MASC;HUM
kamienica	kamienicy	FEM
kamyk	kamyka	MASC;INAN
kanarek	kanarka	MASC;ANIM
kapa	kapy	FEM
karafka	karafki	FEM
kardiochirurg	kardiochirurga	MASC;HUM
kark	karku	MASC;INAN
karton	kartonu	MASC;INAN
katastrofa	katastrofy	FEM
kawior	kawioru	MASC;INAN
kałamarnica	kałamarnicy	FEM
kelnerka	kelnerki	FEM
kelwin	kelwina	MASC;INAN
kibol	kibola	MASC;HUM
kicz	kiczu	MASC;INAN
kierunkowskaz	kierunkowskazu	MASC;INAN
kieszonkowiec	kieszonkowca	MASC;HUM
kikut	kikuta	MASC;INAN
kilometrówka	kilometrówki	FEM
klaun	klauna	MASC;HUM
klecha	klechy	MASC;HUM
kobyła	kobyły	FEM
kociczka	kociczki	FEM
kocur	kocura	MASC;ANIM
kokosz	kokoszy	FEM
kolonista	kolonisty	MASC;HUM
koncert	koncertu	MASC;INAN
konewka	konewki	FEM
koniec	końca	MASC;INAN
kontener	kontenera	MASC;INAN
kontrafagot	kontrafagotu	MASC;INAN
kontynent	kontynentu	MASC;INAN
kord	korda	MASC;INAN
korytarz	korytarza	MASC;INAN
kotlet	kotleta	MASC;INAN
kołdra	kołdry	FEM
kołtun	kołtunu	MASC;INAN
krawcowa	krawcowej	FEM
kreator	kreatora	MASC;INAN
kret	kreta	MASC;ANIM
krogulec	krogulca	MASC;ANIM
krokiet	krokieta	MASC;INAN
krokus	krokusa	MASC;INAN
kruczek	kruczka	MASC;INAN
krupnik	krupniku	MASC;INAN
krytyka	krytyki	FEM
kryzys	kryzysu	MASC;INAN
książka	książki	FEM
księgowa	księgowej	FEM
księgowy	księgowego	MASC;HUM
kształt	kształtu	MASC;INAN
kufel	kufla	MASC;INAN
kupka	kupki	FEM
kurek	kurka	MASC;INAN
kwartet	kwartetu	MASC;INAN
kępa	kępy	FEM
kęs	kęsa	MASC;INAN
laszka	laszki	FEM
leasing	leasingu	MASC;INAN
lej	leja	MASC;INAN
leksem	leksemu	MASC;INAN
lektor	lektora	MASC;HUM
lesbijka	lesbijki	FEM
less	lessu	MASC;INAN
leżak	leżaku	MASC;INAN
lichwiarka	lichwiarki	FEM
licznik	licznika	MASC;INAN
linijka	linijki	FEM
link	linku	MASC;INAN
lira	liry	FEM
literówka	literówki	FEM
lizak	lizaka	MASC;ANIM
lotnictwo	lotnictwa	NEUT
lufcik	lufcika	MASC;INAN
lulek	lulka	MASC;INAN
lustro	lustra	NEUT
lwica	lwicy	FEM
malachit	malachitu	MASC;INAN
malarka	malarki	FEM
maluch	malucha	MASC;ANIM
malunek	malunku	MASC;INAN
mama	mamy	FEM
manat	manata	MASC;ANIM
mandolina	mandoliny	FEM
manicure	manicure'u	MASC;INAN
mara	mary	FEM
markiza	markizy	FEM
marność	marności	FEM
marszand	marszanda	MASC;HUM
martenzyt	martenzytu	MASC;INAN
marynarz	marynarza	MASC;HUM
marzec	marca	MASC;INAN
masa	masy	FEM
maszyna	maszyny	FEM
matematyka	matematyki	FEM
materiał	materiału	MASC;INAN
matka	matki	FEM
matryca	matrycy	FEM
matówka	matówki	FEM
metropolita	metropolity	MASC;HUM
mgła	mgły	FEM
miejscownik	miejscownika	MASC;INAN
migdałowiec	migdałowca	MASC;INAN
mikrofon	mikrofonu	MASC;INAN
mikrokontroler	mikrokontrolera	MASC;INAN
mila	mili	FEM
mimoza	mimozy	FEM
minaret	minaretu	MASC;INAN
mineta	minety	FEM
minus	minusa	MASC;INAN
miska	miski	FEM
mięso	mięsa	NEUT
mięsożerca	mięsożercy	MASC;HUM
mleczko	mleczka	NEUT
mniejszość	mniejszości	FEM
mnożnik	mnożnika	MASC;INAN
mokradło	mokradła	NEUT
monoteista	monoteisty	MASC;HUM
mord	mordu	MASC;INAN
morderca	mordercy	MASC;HUM
mordobicie	mordobicia	NEUT
mordownia	mordowni	FEM
mozół	mozołu	MASC;INAN
mrok	mroku	MASC;INAN
msza	mszy	FEM
mundur	munduru	MASC;INAN
murek	murku	MASC;INAN
mutant	mutanta	MASC;ANIM
naczyniówka	naczyniówki	FEM
nanometr	nanometra	MASC;INAN
narta	narty	FEM
nastolatka	nastolatki	FEM
naszyjnik	naszyjnika	MASC;INAN
nawrócenie	nawrócenia	NEUT
neologizm	neologizmu	MASC;INAN
neutron	neutronu	MASC;INAN
niedostatek	niedostatku	MASC;INAN
niemota	niemoty	FEM
niełupka	niełupki	FEM
niszczyciel	niszczyciela	MASC;HUM
nowotwór	nowotworu	MASC;INAN
obiektyw	obiektywu	MASC;INAN
oblężenie	oblężenia	NEUT
obrzęd	obrzędu	MASC;INAN
obrzęk	obrzęku	MASC;INAN
oda	ody	FEM
odbyt	odbytu	MASC;INAN
odcinek	odcinka	MASC;INAN
odmiana	odmiany	FEM
odwodnienie	odwodnienia	NEUT
odyniec	odyńca	MASC;ANIM
ogień	ognia	MASC;INAN
ojczym	ojczyma	MASC;HUM
okrucieństwo	okrucieństwa	NEUT
okrzemka	okrzemki	FEM
okrzyn	okrzynu	MASC;INAN
okręt	okrętu	MASC;INAN
oksymoron	oksymoronu	MASC;INAN
okulista	okulisty	MASC;HUM
olbrzym	olbrzyma	MASC;ANIM
oliwa	oliwy	FEM
optometrysta	optometrysty	MASC;HUM
optyk	optyka	MASC;HUM
ornat	ornatu	MASC;INAN
orzech	orzecha	MASC;INAN
osełedec	osełedca	MASC;INAN
osełka	osełki	FEM
osiągnięcie	osiągnięcia	NEUT
osoba	osoby	FEM
ostrołódka	ostrołódki	FEM
ostrość	ostrości	FEM
oszczep	oszczepu	MASC;INAN
otchłań	otchłani	FEM
ozdoba	ozdoby	FEM
pacan	pacana	MASC;HUM
palenisko	paleniska	NEUT
palnik	palnika	MASC;INAN
panna	panny	FEM
parapet	parapetu	MASC;INAN
parlamentarzystka	parlamentarzystki	FEM
parst	parsta	MASC;INAN
parytet	parytetu	MASC;INAN
parzydełkowiec	parzydełkowca	MASC;ANIM
pasza	paszy	FEM
paszczur	paszczura	MASC;ANIM
pała	pały	FEM
państwo	państwa	NEUT
pchła	pchły	FEM
pechowiec	pechowca	MASC;HUM
pederasta	pederasty	MASC;HUM
persymona	persymony	FEM
pełnia	pełni	FEM
pielucha	pieluchy	FEM
pilot	pilota	MASC;HUM
pirs	pirsu	MASC;INAN
pistolet	pistoletu	MASC;INAN
piwo	piwa	NEUT
piętno	piętna	NEUT
piżmak	piżmaka	MASC;ANIM
piżmo	piżma	NEUT
plecak	plecaka	MASC;INAN
pliszka	pliszki	FEM
pniak	pniaka	MASC;INAN
pochyłość	pochyłości	FEM
pochówek	pochówka	MASC;INAN
pociecha	pociechy	FEM
podanie	podania	NEUT
podnieta	podniety	FEM
podpowiedź	podpowiedzi	FEM
podtytuł	podtytułu	MASC;INAN
podwórko	podwórka	NEUT
pogrzeb	pogrzebu	MASC;INAN
policjantka	policjantki	FEM
poligamista	poligamisty	MASC;HUM
politechnika	politechniki	FEM
polędwica	polędwicy	FEM
pomyłka	pomyłki	FEM
popychadło	popychadła	NEUT
posada	posady	FEM
postać	postaci	FEM
potańcówka	potańcówki	FEM
potrawa	potrawy	FEM
potrzeba	potrzeby	FEM
pozyton	pozytonu	MASC;INAN
poświata	poświaty	FEM
pracoholik	pracoholika	MASC;HUM
praelement	praelementu	MASC;INAN
pralina	praliny	FEM
prawnik	prawnika	MASC;HUM
programista	programisty	MASC;HUM
programowanie	programowania	NEUT
projektant	projektanta	MASC;HUM
promień	promienia	MASC;INAN
prostata	prostaty	FEM
proteina	proteiny	FEM
przeciwdziedzina	przeciwdziedziny	FEM
przeciwnik	przeciwnika	MASC;HUM
przeciwwaga	przeciwwagi	FEM
przedsionek	przedsionka	MASC;INAN
przekątna	przekątnej	FEM
przenośnia	przenośni	FEM
przestępca	przestępcy	MASC;HUM
przetoka	przetoki	FEM
przewaga	przewagi	FEM
przodek	przodka	MASC;INAN
przymiot	przymiotu	MASC;INAN
przypowieść	przypowieści	FEM
przysłówek	przysłówka	MASC;INAN
przęsło	przęsła	NEUT
prącie	prącia	NEUT
pseudonim	pseudonimu	MASC;INAN
pszczółka	pszczółki	FEM
pszono	pszona	NEUT
pudełko	pudełka	NEUT
pulpit	pulpitu	MASC;INAN
purysta	purysty	MASC;HUM
pustelnik	pustelnika	MASC;HUM
puszeczka	puszeczki	FEM
puszka	puszki	FEM
pylnik	pylnika	MASC;INAN
pytanie	pytania	NEUT
pył	pyłu	MASC;INAN
półmetal	półmetalu	MASC;INAN
płaskostopie	płaskostopia	NEUT
płatek	płatka	MASC;INAN
płetwa	płetwy	FEM
radioizotop	radioizotopu	MASC;INAN
radiowóz	radiowozu	MASC;INAN
rejs	rejsu	MASC;INAN
resztka	resztki	FEM
rewers	rewersu	MASC;INAN
robocizna	robocizny	FEM
rocznica	rocznicy	FEM
rosiczka	rosiczki	FEM
rosjanka	rosjanki	FEM
rozrusznik	rozrusznika	MASC;INAN
rozsądek	rozsądku	MASC;INAN
rozwodnik	rozwodnika	MASC;HUM
roślinka	roślinki	FEM
rumunka	rumunki	FEM
rybitwa	rybitwy	FEM
ryczałt	ryczałtu	MASC;INAN
rydz	rydza	MASC;ANIM
ryk	ryku	MASC;INAN
rzeczywistość	rzeczywistości	FEM
rzepa	rzepy	FEM
rzesza	rzeszy	FEM
róża	róży	FEM
różdżka	różdżki	FEM
sadza	sadzy	FEM
saksofon	saksofonu	MASC;INAN
sauna	sauny	FEM
selenocysteina	selenocysteiny	FEM
semantyka	semantyki	FEM
sen	snu	MASC;INAN
seskwiterpen	seskwiterpenu	MASC;INAN
siarczan	siarczanu	MASC;INAN
siemię	siemienia	NEUT
sierpień	sierpnia	MASC;INAN
sinica	sinicy	FEM
siodełko	siodełka	NEUT
sito	sita	NEUT
skrzydełko	skrzydełka	NEUT
skrzypaczka	skrzypaczki	FEM
skład	składu	MASC;INAN
składnik	składnika	MASC;INAN
smar	smaru	MASC;INAN
smerf	smerfa	MASC;ANIM
smoczek	smoczka	MASC;INAN
smok	smoka	MASC;ANIM
sobowtór	sobowtóra	MASC;HUM
sokowirówka	sokowirówki	FEM
sosna	sosny	FEM
spadek	spadku	MASC;INAN
spierdon	spierdona	MASC;ANIM
spirometr	spirometru	MASC;INAN
sprzeczka	sprzeczki	FEM
srebrny	srebrnego	MASC;INAN
stadion	stadionu	MASC;INAN
stadium	stadium	NEUT
stajnia	stajni	FEM
stal	stali	FEM
stalówka	stalówki	FEM
stetoskop	stetoskopu	MASC;INAN
stratosfera	stratosfery	FEM
strefa	strefy	FEM
strop	stropu	MASC;INAN
stóg	stogu	MASC;INAN
sumienie	sumienia	NEUT
synonim	synonimu	MASC;INAN
szablon	szablonu	MASC;INAN
szafeczka	szafeczki	FEM
szafiarka	szafiarki	FEM
szafka	szafki	FEM
szaleniec	szaleńca	MASC;HUM
szampan	szampanu	MASC;INAN
szczawik	szczawiku	MASC;INAN
szczeniak	szczeniaka	MASC;HUM
szczupak	szczupaka	MASC;ANIM
szczypiornista	szczypiornisty	MASC;HUM
szklaneczka	szklaneczki	FEM
szklanka	szklanki	FEM
szlafrok	szlafroka	MASC;INAN
szmalcownik	szmalcownika	MASC;HUM
szmira	szmiry	FEM
szopka	szopki	FEM
szpieg	szpiega	MASC;HUM
szprot	szprota	MASC;ANIM
sztaluga	sztalugi	FEM
szuler	szulera	MASC;HUM
szyna	szyny	FEM
służąca	służącej	FEM
taksówkarz	taksówkarza	MASC;HUM
tarka	tarki	FEM
tartak	tartaku	MASC;INAN
taśma	taśmy	FEM
temperatura	temperatury	FEM
termostat	termostatu	MASC;INAN
terrorysta	terrorysty	MASC;HUM
tilaka	tilaki	FEM
toponim	toponimu	MASC;INAN
traganek	traganka	MASC;INAN
trawa	trawy	FEM
trop	tropu	MASC;INAN
trunek	trunku	MASC;INAN
trzmielina	trzmieliny	FEM
trzoda	trzody	FEM
trębacz	trębacza	MASC;HUM
turas	turasa	MASC;HUM
tusz	tuszu	MASC;INAN
tęsknota	tęsknoty	FEM
ubaw	ubawu	MASC;INAN
uczony	uczonego	MASC;HUM
układ	układu	MASC;INAN
urdzik	urdzika	MASC;INAN
usługa	usługi	FEM
uzasadnienie	uzasadnienia	NEUT
walina	waliny	FEM
warownia	warowni	FEM
wełna	wełny	FEM
wianek	wianka	MASC;INAN
wieloryb	wieloryba	MASC;ANIM
wieniec	wieńca	MASC;INAN
wiersza	wierszy	FEM
wiertarka	wiertarki	FEM
wikt	wiktu	MASC;INAN
wisienka	wisienki	FEM
wizytówka	wizytówki	FEM
większość	większości	FEM
wiśnia	wiśni	FEM
woskownica	woskownicy	FEM
wpływ	wpływu	MASC;INAN
wrończyk	wrończyka	MASC;ANIM
wrzos	wrzosu	MASC;INAN
wybór	wyboru	MASC;INAN
wycieczkowiec	wycieczkowca	MASC;INAN
wydanie	wydania	NEUT
wydarzenie	wydarzenia	NEUT
wylogowanie	wylogowania	NEUT
wyraz	wyrazu	MASC;INAN
wywiad	wywiadu	MASC;INAN
wyznacznik	wyznacznika	MASC;INAN
wzmacniacz	wzmacniacza	MASC;INAN
wzór	wzoru	MASC;INAN
własność	własności	FEM
włoch	włocha	MASC;HUM
zadośćuczynienie	zadośćuczynienia	NEUT
zaganiacz	zaganiacza	MASC;ANIM
zaplecze	zaplecza	NEUT
zapora	zapory	FEM
zapłon	zapłonu	MASC;INAN
zaspa	zaspy	FEM
zaćmienie	zaćmienia	NEUT
zbójca	zbójcy	MASC;HUM
zdrobnienie	zdrobnienia	NEUT
zdun	zduna	MASC;HUM
zebra	zebry	FEM
ziomek	ziomka	MASC;HUM
zjebka	zjebki	FEM
znak	znaku	MASC;INAN
znamię	znamienia	NEUT
zło	zła	NEUT
złoty	złotego	MASC;INAN
ćma	ćmy	FEM
ćwierć	ćwierci	FEM
łajba	łajby	FEM
łasica	łasicy	FEM
ława	ławy	FEM
łeb	łba	MASC;INAN
łeż	łży	FEM
łożysko	łożyska	NEUT
łysol	łysola	MASC;HUM
łóżko	łóżka	NEUT
łącznik	łącznika	MASC;INAN
ślaz	ślazu	MASC;INAN
ślepiec	ślepca	MASC;HUM
ślimacznica	ślimacznicy	FEM
ślimak	ślimaka	MASC;ANIM
średnica	średnicy	FEM
żar	żaru	MASC;INAN
żebraczka	żebraczki	FEM
żebro	żebra	NEUT
żebropław	żebropława	MASC;ANIM
żelazko	żelazka	NEUT
żerdka	żerdki	FEM
żniwo	żniwa	NEUT
życie	życia	NEUT
życzenie	życzenia	NEUT
żydówka	żydówki	FEM
żyrafa	żyrafy	FEM
żywica	żywicy	FEM
żółtko	żółtka	NEUT
