abajar	abajo
abaratar	abarato
abarrotar	abarroto
abastionar	abastiono
abatir	abato
abducir	abduzco
aberrar	aberro
abocar	aboco
abuzar	abuzo
abuñolar	abuñuelo
acceder	accedo
acentuar	acentúo
acondicionar	acondiciono
acordonar	acordono
acrecer	acrezco
acristalar	acristalo
acuartelar	acuartelo
acuchillar	acuchillo
acunar	acuno
adelantar	adelanto
adjetivar	adjetivo
adosar	adoso
aduanar	aduano
afirmar	afirmo
afrentar	afrento
agasajar	agasajo
agilipollar	agilipollo
agotar	agoto
agriar	agrío
aguijonear	aguijoneo
agujerear	agujereo
aherrojar	aherrojo
ahorcar	ahorco
aislar	aíslo
alargar	alargo
aleccionar	alecciono
alistar	alisto
aliñar	aliño
almidonar	almidono
alongar	alongo
altivar	altivo
alucinar	alucino
alunizar	alunizo
amadrinar	amadrino
amar	amo
amenguar	amenguo
amigar	amigo
amoblar	amueblo
amodorrar	amodorro
anatematizar	anatematizo
anestesiar	anestesio
antedecir	antedigo
aojar	aojo
apartar	aparto
apear	apeo
apedrear	apedreo
arenar	areno
arengar	arengo
aromar	aromo
aromatizar	aromatizo
arrebolar	arrebolo
arrellanar	arrellano
arropar	arropo
arrugar	arrugo
asaltar	asalto
aserruchar	aserrucho
asfixiar	asfixio
asistir	asisto
asomar	asomo
astringir	astrinjo
aterrizar	aterrizo
atragantar	atraganto
atravesar	atravieso
atropellar	atropello
atufar	atufo
aturdir	aturdo
autoanular	autoanulo
autocensurar	autocensuro
autoexplorar	autoexploro
autonombrar	autonombro
autonomizar	autonomizo
autoperfeccionar	autoperfecciono
avellanar	avellano
aventajar	aventajo
avergonzar	avergüenzo
axiomatizar	axiomatizo
azufrar	azufro
barrer	barro
bastonear	bastoneo
biografiar	biografío
blindar	blindo
bloquear	bloqueo
bofetear	bofeteo
bootear	booteo
brindar	brindo
brochar	brocho
broncear	bronceo
bruñir	bruño
bufonear	bufoneo
calefaccionar	calefacciono
calibrar	calibro
cambiar	cambio
canicular	caniculo
canturrear	canturreo
capturar	capturo
carbonizar	carbonizo
carpir	carpo
castañetear	castañeteo
cautivar	cautivo
celestinear	celestineo
censar	censo
cercar	cerco
cespitar	cespito
chafar	chafo
chanchar	chancho
chapalear	chapaleo
chiflar	chiflo
chinchorrear	chinchorreo
cintar	cinto
circunvalar	circunvalo
clausular	clausulo
climatizar	climatizo
cobijar	cobijo
cocer	cuezo
codiciar	codicio
comparecer	comparezco
compensar	compenso
compilar	compilo
comulgar	comulgo
concatenar	concateno
concelebrar	concelebro
condensar	condenso
condoler	conduelo
confeccionar	confecciono
confitar	confito
congestionar	congestiono
congraciar	congracio
conjuntar	conjunto
consumir	consumo
contactar	contacto
contaminar	contamino
contorsionar	contorsiono
contrapesar	contrapeso
contrarrestrar	contrarrestro
contratar	contrato
convencer	convenzo
convertir	convierto
convidar	convido
coordinar	coordino
coprotagonizar	coprotagonizo
criar	crío
cronometrar	cronometro
cuadriplicar	cuadriplico
cucar	cuco
cuitar	cuito
decir	digo
declinar	declino
decorar	decoro
deificar	deifico
delinear	delineo
deludir	deludo
demonizar	demonizo
deportar	deporto
depravar	depravo
deprecar	depreco
desabejar	desabejo
desacatar	desacato
desacostumbrar	desacostumbro
desaforar	desafuero
desairar	desairo
desalentar	desaliento
desalinear	desalineo
desamarrar	desamarro
desamistar	desamisto
desamortizar	desamortizo
desapalancar	desapalanco
desapasionar	desapasiono
desatender	desatiendo
desaviar	desavío
desbarrancar	desbarranco
desbordar	desbordo
descachimbar	descachimbo
descarrilar	descarrilo
descender	desciendo
descentrar	descentro
desconsiderar	desconsidero
descorazonar	descorazono
descortezar	descortezo
descreer	descreo
descriminalizar	descriminalizo
desdentar	desdiento
desdoblar	desdoblo
desempañar	desempaño
desencapotar	desencapoto
desengañar	desengaño
desenmarañar	desenmaraño
desensimismar	desensimismo
desentonar	desentono
desentrenar	desentreno
deserotizar	deserotizo
desesperanzar	desesperanzo
desestabilizar	desestabilizo
desfasar	desfaso
desganar	desgano
desglosar	desgloso
desgraciar	desgracio
designar	designo
desinformar	desinformo
desistir	desisto
desjudicializar	desjudicializo
deslocalizar	deslocalizo
desmarcar	desmarco
desnaturalizar	desnaturalizo
desobedecer	desobedezco
desorientar	desoriento
desparasitar	desparasito
desparejar	desparejo
despaturrar	despaturro
desperdiciar	desperdicio
desplacer	desplazco
desposeer	desposeo
desproporcionar	desproporciono
desrabotar	desraboto
destilar	destilo
destinar	destino
detestar	detesto
digerir	digiero
dignificar	dignifico
discrepar	discrepo
disecar	diseco
diseccionar	disecciono
diseminar	disemino
distanciar	distancio
distorsionar	distorsiono
diversificar	diversifico
divinar	divino
doler	duelo
dormitar	dormito
dramatizar	dramatizo
dulzurar	dulzuro
eclosionar	eclosiono
economizar	economizo
ecualizar	ecualizo
edulcorar	edulcoro
elegir	elijo
eliminar	elimino
elucidar	elucido
eludir	eludo
embadurnar	embadurno
emboscar	embosco
embromar	embromo
empanar	empano
empaquetar	empaqueto
empastillar	empastillo
empecinar	empecino
enardecer	enardezco
encamisar	encamiso
encapuchar	encapucho
encarecer	encarezco
encasquillar	encasquillo
encauzar	encauzo
enchilar	enchilo
enconchar	enconcho
encuerar	encuero
endomingar	endomingo
energizar	energizo
enfilar	enfilo
enflaquecer	enflaquezco
engrillar	engrillo
enguantar	enguanto
enhilar	enhilo
enjaretar	enjareto
enjaular	enjaulo
enjuncar	enjunco
enlucir	enluzco
enseñorear	enseñoreo
ensoñar	ensueño
entallar	entallo
entender	entiendo
entorpecer	entorpezco
entramar	entramo
entremezclar	entremezclo
entrenar	entreno
entusiasmar	entusiasmo
envarar	envaro
equiparar	equiparo
erguir	yergo
escamotear	escamoteo
escombrar	escombro
escorar	escoro
escuadronar	escuadrono
espatarrar	espatarro
esquivar	esquivo
estabiecer	estabieco
estandarizar	estandarizo
estañar	estaño
estigmatizar	estigmatizo
estofar	estofo
estropear	estropeo
examinar	examino
excusar	excuso
exonerar	exonero
explicar	explico
expoliar	expolio
exportar	exporto
expropiar	expropio
extremar	extremo
farrear	farreo
fibrilar	fibrilo
fildear	fildeo
filosofar	filosofo
flanquear	flanqueo
flechar	flecho
flotar	floto
formalizar	formalizo
formar	formo
fosforilar	fosforilo
fregar	friego
galguear	galgueo
ganar	gano
garrapatear	garrapateo
gastar	gasto
gatear	gateo
gelatinizar	gelatinizo
geminar	gemino
gestar	gesto
glotonear	glotoneo
gotear	goteo
gradar	grado
hacinar	hacino
helenizar	helenizo
heñir	hiño
hipnotizar	hipnotizo
hispanizar	hispanizo
holgazanear	holgazaneo
hollar	huello
hurtar	hurto
idealizar	idealizo
idolatrar	idolatro
iluminar	ilumino
ilustrar	ilustro
imanar	imano
imantar	imanto
impartir	imparto
implementar	implemento
implicar	implico
impostar	imposto
inactivar	inactivo
incoar	incoo
incumplir	incumplo
indiciar	indicio
indizar	indizo
inflamar	inflamo
infraccionar	infracciono
infravalorar	infravaloro
instilar	instilo
instrumentar	instrumento
insuflar	insuflo
intercalar	intercalo
interceder	intercedo
intermediar	intermedio
intimidar	intimido
intrincar	intrinco
inundar	inundo
inutilizar	inutilizo
inventar	invento
inventariar	inventarío
involucionar	involuciono
irritar	irrito
irrumpir	irrumpo
italianizar	italianizo
jalonar	jalono
jaspear	jaspeo
laquear	laqueo
latinizar	latinizo
lazar	lazo
legalizar	legalizo
leñar	leño
llorar	lloro
lonjear	lonjeo
machacar	machaco
machar	macho
mandonear	mandoneo
marcir	marzo
martirizar	martirizo
mascujar	mascujo
mascullar	mascullo
medir	mido
memorizar	memorizo
menoscabar	menoscabo
menstruar	menstrúo
mercantilizar	mercantilizo
metaforizar	metaforizo
misar	miso
mochar	mocho
moderar	modero
modularizar	modularizo
moler	muelo
monedar	monedo
monetarizar	monetarizo
motejar	motejo
muestrear	muestreo
mutilar	mutilo
narrar	narro
negociar	negocio
objetar	objeto
occidentalizar	occidentalizo
ocultar	oculto
ocupar	ocupo
ojear	ojeo
olear	oleo
olvidar	olvido
optar	opto
ovular	ovulo
pagar	pago
pajaronear	pajaroneo
paladear	paladeo
parapetar	parapeto
pasmar	pasmo
patrimonializar	patrimonializo
patrullar	patrullo
peatonalizar	peatonalizo
pegar	pego
pellizcar	pellizco
penetrar	penetro
penitenciar	penitencio
pepenar	pepeno
perjurar	perjuro
permear	permeo
perseverar	persevero
pervivir	pervivo
pesar	peso
pignorar	pignoro
pintar	pinto
pinzar	pinzo
pipar	pipo
pisar	piso
planear	planeo
plastificar	plastifico
plebiscitar	plebiscito
pluralizar	pluralizo
polemizar	polemizo
pontificar	pontifico
pormenorizar	pormenorizo
posar	poso
postrar	postro
preciar	precio
precomprar	precompro
preelaborar	preelaboro
premeditar	premedito
prender	prendo
prensar	prenso
prescribir	prescribo
preseleccionar	preselecciono
presentir	presiento
prevaricar	prevarico
procesar	proceso
procesionar	procesiono
proclamar	proclamo
prodigar	prodigo
proferir	profiero
prolongar	prolongo
propiciar	propicio
protocolizar	protocolizo
puar	púo
pulverizar	pulverizo
punzar	punzo
putear	puteo
quebrar	quiebro
raer	rao
rajar	rajo
rajuñar	rajuño
ralentizar	ralentizo
rastrillar	rastrillo
ratificar	ratifico
reactualizar	reactualizo
realizar	realizo
reaprovechar	reaprovecho
reargüir	rearguyo
rebañar	rebaño
recamar	recamo
recapitalizar	recapitalizo
reciclar	reciclo
reconciliar	reconcilio
recopilar	recopilo
recordar	recuerdo
recuadrar	recuadro
recurrir	recurro
redirigir	redirijo
reelaborar	reelaboro
reenergizar	reenergizo
refacturar	refacturo
reflotar	refloto
reformular	reformulo
refutar	refuto
regañar	regaño
rehacer	rehago
reiniciar	reinicio
reinstalar	reinstalo
reinvertir	reinvierto
reivindicar	reivindico
rembolsar	rembolso
remezclar	remezclo
renacer	renazco
renguear	rengueo
repisar	repiso
reportar	reporto
rescindir	rescindo
residenciar	residencio
resistir	resisto
resondrar	resondro
resorber	resorbo
respaldar	respaldo
retapizar	retapizo
retentar	retiento
reteñir	retiño
retirar	retiro
retorcer	retuerzo
retornar	retorno
retuitear	retuiteo
reubicar	reubico
revertir	revierto
revisionar	revisiono
revolotear	revoloteo
ripiar	ripio
rolar	rolo
rotular	rotulo
rumorear	rumoreo
sacar	saco
sacralizar	sacralizo
sancionar	sanciono
sancochar	sancocho
sanjar	sanjo
satelizar	satelizo
satisfacer	satisfago
secuestrar	secuestro
sellar	sello
sentenciar	sentencio
serrar	sierro
serviciar	servicio
sesear	seseo
señalar	señalo
sintetizar	sintetizo
sobreentender	sobreentiendo
sobrestimar	sobrestimo
socializar	socializo
solar	suelo
soldar	sueldo
solfear	solfeo
solventar	solvento
subdividir	subdivido
sublimar	sublimo
subordinar	subordino
subscribir	subscribo
subtitular	subtitulo
sulfurar	sulfuro
suplicar	suplico
sustanciar	sustancio
taclear	tacleo
tallar	tallo
tamizar	tamizo
tartamudear	tartamudeo
tejar	tejo
telegrafiar	telegrafío
tiritar	tirito
torrar	torro
tostar	tuesto
tragar	trago
transcurrir	transcurro
transgredir	transgredo
traquear	traqueo
trasmutar	trasmuto
trasnochar	trasnocho
traspapelar	traspapelo
traspirar	traspiro
trasplantar	trasplanto
travestir	travesto
trepidar	trepido
trinchar	trincho
trolear	troleo
trotar	troto
trozar	trozo
ubicar	ubico
uniformar	uniformo
usar	uso
ustedear	ustedeo
valsar	valso
variar	varío
verdear	verdeo
verdecer	verdezco
viciar	vicio
vigilar	vigilo
vincular	vinculo
xerografiar	xerografío
zancajear	zancajeo
zurriar	zurrío
zurrir	zurro
