hauhake	hauhaketia
hiwi	hiwia
hokohoko	hokohokona
horoi	horoia
huti	hutia
hāpai	hāpaingia
karawhiu	karawhiua
kauhoe	kauhoetia
kaui	kauitia
kawhaki	kawhakina
kini	kinitia
kukuti	kūtia
kuru	kurua
kōhua	kōhuatia
kōpaki	kōpakina
kāpui	kāpuia
kāwhaki	kāwhakina
maka	makaa
manako	manakotia
mate	matea
meke	mekea
mihi	mihia
momotu	motuhia
māharahara	māharaharatia
mārau	māraua
nanao	naomia
paora	paoratia
parai	paraitia
pauna	paunatia
piki	pikitia
piko	pikoa
piupiu	piupiua
puru	purua
purupuru	purupurua
purūma	purūmatia
pōuto	pōutokia
raranga	rangaa
rarapi	rarapihia
ropi	ropia
ruke	rukehia
rurerure	rurerurea
rākei	rākeitia
tangi	tangihia
tapahi	tapahia
taraiwa	taraiwatia
tatā	tatāia
tiaki	tiakina
titiro	tirohia
tomo	tomokia
toro	torona
tungi	tungia
tutu	tutua
tāhawahawa	tāhawahawatia
tākiri	tākiritia
tāmaru	tāmarutia
tāmau	tāmautia
tārona	tāronatia
tāuwhi	tāuwhia
uiui	uiuia
unu	unumia
uru	urua
waikeri	waikeringia
waru	waruhia
wawao	waona
whakaari	whakaaria
whakahohori	whakahohoritia
whakahorohoro	whakahorohorotia
whakahē	whakahēngia
whakahāwea	whakahāweatia
whakakopi	whakakopitia
whakamine	whakaminea
whakananu	whakananua
whakangau	whakangaua
whakaoho	whakaohotia
whakapai	whakapaingia
whakapoto	whakapotohia
whakarere	whakarerea
whakarāpopoto	whakarāpopotongia
whakatahe	whakatahea
whakataki	whakatakina
whakatau	whakataua
whakatika	whakatikaia
whakatina	whakatinaia
whakatiraha	whakatirahatia
whakatoi	whakatoitia
whakatūtehu	whakatūtehutia
whakautu	whakautua
whakawātea	whakawāteatia
whare	wharekura
whānako	whānakotia
ākiri	ākiritia
ārai	āraia
