aba	abayı
abacı	abacıyı
abla	ablayı
ahali	ahaliyi
ahret	ahreti
ajan	ajanı
akasya	akasyayı
alabalık	alabalığı
alkol	alkolü
altın	altını
alçı	alçıyı
amazon	amazonu
amigo	amigoyu
amil	amili
angut	angudu
anüs	anüsü
apolet	apoleti
aristokrasi	aristokrasiyi
artık	artığı
arzu	arzuyu
ataş	ataşı
aziz	azizi
bacanak	bacanağı
bacı	bacıyı
bakaya	bakayayı
bakraç	bakracı
balayı	balayını
baldız	baldızı
baskı	baskıyı
bağdaş	bağdaşı
bağırsak	bağırsağı
bekaret	bekareti
benmari	benmariyi
beze	bezeyi
beşik	beşiği
birader	biraderi
boğum	boğumu
buldozer	buldozeri
buyruk	buyruğu
bölüm	bölümü
bızır	bızırı
cebir	cebri
cehennem	cehennemi
cenap	cenabı
cezve	cezveyi
cibin	cibini
ciklet	cikleti
cinayet	cinayeti
dadı	dadıyı
dalavere	dalavereyi
dara	darayı
defter	defteri
depar	deparı
deri	deriyi
dikkat	dikkati
dilekçe	dilekçeyi
doping	dopingi
duyu	duyuyu
dük	dükü
dümbelek	dümbeleği
düşünce	düşünceyi
elbise	elbiseyi
elem	elemi
elyaf	elyafı
eskiz	eskizi
evrak	evrakı
eşkal	eşkali
eşya	eşyayı
fare	fareyi
fellah	fellahı
feminist	feministi
film	filmi
firavun	firavunu
flüt	flütü
form	formu
formasyon	formasyonu
fulya	fulyayı
füg	fügü
fırdöndü	fırdöndüyü
fırıldak	fırıldağı
fıstık	fıstığı
gaga	gagayı
galeri	galeriyi
ganimet	ganimeti
gazete	gazeteyi
genetik	genetiği
geyik	geyiği
gidişat	gidişatı
gonca	goncayı
granit	graniti
gravyer	gravyeri
gulyabani	gulyabaniyi
gurur	gururu
gülle	gülleyi
güvercin	güvercini
haciz	haczi
halayık	halayığı
hap	hapı
hareket	hareketi
harf	harfi
has	hası
hayta	haytayı
hayvan	hayvanı
hazine	hazineyi
haşere	haşereyi
helal	helali
hemoglobin	hemoglobini
hendese	hendeseyi
heyula	heyulayı
hiddet	hiddeti
hoşbeş	hoşbeşi
huni	huniyi
hükumet	hükumeti
hırsız	hırsızı
hıçkırık	hıçkırığı
ifade	ifadeyi
ihanet	ihaneti
ihmal	ihmali
ikram	ikramı
ilaç	ilacı
iltica	ilticayı
infilak	infilakı
inkar	inkarı
ipek	ipeği
iribaş	iribaşı
irtifa	irtifayı
iskonto	iskontoyu
istek	isteği
istida	istidayı
istila	istilayı
istimbot	istimbotu
istiridye	istiridyeyi
jinekolog	jinekoloğu
kadro	kadroyu
kalas	kalası
kalay	kalayı
kamelya	kamelyayı
kanal	kanalı
karaltı	karaltıyı
karma	karmayı
karnıyarık	karnıyarığı
kasımpatı	kasımpatıyı
katman	katmanı
katmer	katmeri
kavanoz	kavanozu
kayık	kayığı
kayın	kayını
kazurat	kazuratı
kaşkol	kaşkolü
kemençe	kemençeyi
keramet	kerameti
kerhane	kerhaneyi
keten	keteni
kifayet	kifayeti
kil	kili
kinematik	kinematiği
kist	kisti
klasik	klasiği
kobay	kobayı
kodein	kodeini
kola	kolayı
kolonya	kolonyayı
kolordu	kolorduyu
kolyoz	kolyozu
korna	kornayı
kot	kotu
kuku	kukuyu
kul	kulu
kunduz	kunduzu
kural	kuralı
kurban	kurbanı
kuver	kuveri
lakap	lakabı
lam	lamı
lanet	laneti
laterna	laternayı
lider	lideri
lif	lifi
likör	likörü
losyon	losyonu
lumbar	lumbarı
mal	malı
malumat	malumatı
manav	manavı
manga	mangayı
manken	mankeni
marka	markayı
marki	markiyi
marşandiz	marşandizi
matem	matemi
matrak	matrağı
mavzer	mavzeri
mazruf	mazrufu
meblağ	meblağı
meclis	meclisi
medrese	medreseyi
mekanik	mekaniği
melankoli	melankoliyi
melek	meleği
mendirek	mendireği
metanet	metaneti
mevzi	mevziyi
meymenet	meymeneti
meyve	meyveyi
meşrubat	meşrubatı
midilli	midilliyi
migren	migreni
minder	minderi
misal	misali
moloz	molozu
mucit	mucidi
muhabbet	muhabbeti
muhallebi	muhallebiyi
muharrem	muharremi
müfredat	müfredatı
mühlet	mühleti
mükafat	mükafatı
mürettebat	mürettebatı
müşkül	müşkülü
mıknatıs	mıknatısı
nadas	nadası
nafaka	nafakayı
namus	namusu
nazar	nazarı
nebat	nebatı
nikah	nikahı
nokta	noktayı
numune	numuneyi
nutuk	nutku
nüfus	nüfusu
ofsayt	ofsaytı
okul	okulu
opal	opali
orman	ormanı
orospu	orospuyu
otlak	otlağı
oğul	oğlu
pankart	pankartı
panter	panteri
papara	paparayı
papel	papeli
parşömen	parşömeni
patates	patatesi
patlak	patlağı
paydos	paydosu
paçavra	paçavrayı
paçoz	paçozu
pelikan	pelikanı
pijama	pijamayı
pikap	pikabı
pilaki	pilakiyi
pisuvar	pisuvarı
pişti	piştiyi
platform	platformu
pres	presi
pul	pulu
pülverizatör	pülverizatörü
pırlanta	pırlantayı
radde	raddeyi
rahvan	rahvanı
rakı	rakıyı
rampa	rampayı
rayiç	rayici
rehin	rehini
rodaj	rodajı
roket	roketi
romatizma	romatizmayı
ropdöşambır	ropdöşambırı
rutubet	rutubeti
römork	römorku
sahne	sahneyi
sakarin	sakarini
sakınca	sakıncayı
salep	salebi
sanat	sanatı
sandviç	sandviçi
satış	satışı
sebep	sebebi
sekreter	sekreteri
semer	semeri
sempati	sempatiyi
senfoni	senfoniyi
servis	servisi
sezon	sezonu
sicil	sicili
sikke	sikkeyi
simge	simgeyi
sinyal	sinyali
sivilce	sivilceyi
sivri	sivriyi
siğil	siğili
somut	somutu
sonsuz	sonsuzu
supap	supabı
susam	susamı
suç	suçu
söylem	söylemi
sülük	sülüğü
sümsük	sümsüğü
sümük	sümüğü
sürü	sürüyü
sürüm	sürümü
sınıf	sınıfı
sıradağ	sıradağı
tabip	tabibi
tahtelbahir	tahtelbahri
taklit	taklidi
tampon	tamponu
taraftar	taraftarı
tatbik	tatbiki
tatlı	tatlıyı
taşak	taşağı
tecrit	tecridi
teftiş	teftişi
tekfur	tekfuru
tenkit	tenkidi
teres	teresi
terminal	terminali
teselli	teselliyi
teçhiz	teçhizi
teşerrüf	teşerrüfü
teşhis	teşhisi
teşrif	teşrifi
topaç	topacı
torpil	torpili
trapez	trapezi
tur	turu
tura	turayı
turşu	turşuyu
tuz	tuzu
tuğla	tuğlayı
töre	töreyi
tüm	tümü
tümör	tümörü
tıp	tıbbı
tırtıl	tırtılı
uful	ufulü
usare	usareyi
usturmaça	usturmaçayı
utku	utkuyu
valf	valfi
valiz	valizi
vasıf	vasfı
vatan	vatanı
vatoz	vatozu
velvele	velveleyi
veto	vetoyu
viraj	virajı
volt	voltu
volta	voltayı
yalpa	yalpayı
yamaç	yamacı
yanıt	yanıtı
yapıt	yapıtı
yarar	yararı
yasak	yasağı
yazı	yazıyı
yeti	yetiyi
yok	yoku
yorgan	yorganı
yulaf	yulafı
yumurta	yumurtayı
zamk	zamkı
zemheri	zemheriyi
zeytin	zeytini
zil	zili
çekirdek	çekirdeği
çene	çeneyi
çerçi	çerçiyi
çeşni	çeşniyi
çini	çiniyi
çit	çiti
çocuk	çocuğu
çığır	çığırı
önlük	önlüğü
örümcek	örümceği
öte	öteyi
özet	özeti
öğüt	öğüdü
üremi	üremiyi
üzüm	üzümü
ırgat	ırgatı
ısı	ısıyı
ışık	ışığı
şahmeran	şahmeranı
şans	şansı
şaşaa	şaşaayı
şehit	şehidi
şehvet	şehveti
şema	şemayı
şerefe	şerefeyi
şerit	şeridi
şıllık	şıllığı
