abase	abased	regular
accentuate	accentuated	regular
accustom	accustomed	regular
acquit	acquitted	regular
ad-lib	ad-libbed	regular
adapt	adapted	regular
adorn	adorned	regular
affiliate	affiliated	regular
affront	affronted	regular
aggrandize	aggrandized	regular
aggress	aggressed	regular
aid	aided	regular
analyze	analyzed	regular
annex	annexed	regular
ante	anted	regular
apostrophize	apostrophized	regular
appeal	appealed	regular
applaud	applauded	regular
arise	arose	irregular
armor	armored	regular
article	articled	regular
ascend	ascended	regular
asphalt	asphalted	regular
aspirate	aspirated	regular
assail	assailed	regular
assemble	assembled	regular
attempt	attempted	regular
attest	attested	regular
avail	availed	regular
avenge	avenged	regular
backpedal	backpedaled	regular
bait	baited	regular
base	based	regular
bawl	bawled	regular
bayonet	bayoneted	regular
be	was	irregular
befuddle	befuddled	regular
beget	begot	irregular
bejewel	bejewelled	regular
bethink	bethought	irregular
birch	birched	regular
blanch	blanched	regular
bleed	bled	irregular
bloat	bloated	regular
blow-dry	blow-dried	regular
boggle	boggled	regular
bomb	bombed	regular
bombard	bombarded	regular
bottle	bottled	regular
bounce	bounced	regular
bowdlerize	bowdlerized	regular
bracket	bracketed	regular
bridge	bridged	regular
broaden	broadened	regular
broil	broiled	regular
brood	brooded	regular
budge	budged	regular
bum	bummed	regular
burn	burned	regular
busy	busied	regular
buy	bought	irregular
cable	cabled	regular
calk	calked	regular
calm	calmed	regular
can	canned	regular
canvass	canvassed	regular
capitulate	capitulated	regular
caponize	caponized	regular
captain	captained	regular
carburet	carbureted	regular
caricature	caricatured	regular
carp	carped	regular
cash	cashed	regular
catcall	catcalled	regular
caution	cautioned	regular
caw	cawed	regular
centralize	centralized	regular
chant	chanted	regular
chase	chased	regular
chauffeur	chauffeured	regular
check	checked	regular
chill	chilled	regular
chomp	chomped	regular
churn	churned	regular
circumscribe	circumscribed	regular
claw	clawed	regular
clog	clogged	regular
collect	collected	regular
colonize	colonized	regular
combat	combated	regular
compact	compacted	regular
compile	compiled	regular
complain	complained	regular
complete	completed	regular
compress	compressed	regular
concert	concerted	regular
confess	confessed	regular
confiscate	confiscated	regular
congratulate	congratulated	regular
conjecture	conjectured	regular
conjugate	conjugated	regular
connive	connived	regular
console	consoled	regular
constipate	constipated	regular
constrict	constricted	regular
contaminate	contaminated	regular
convince	convinced	regular
convolve	convolved	regular
convulse	convulsed	regular
count	counted	regular
countersign	countersigned	regular
cradle	cradled	regular
crap	crapped	regular
crawl	crawled	regular
cream	creamed	regular
cremate	cremated	regular
crosscheck	crosschecked	regular
crown	crowned	regular
cruise	cruised	regular
debone	deboned	regular
decapitate	decapitated	regular
decompose	decomposed	regular
decontaminate	decontaminated	regular
decrease	decreased	regular
deep-freeze	deep-froze	irregular
deflect	deflected	regular
deforest	deforested	regular
degenerate	degenerated	regular
dehumanize	dehumanized	regular
delimitate	delimitated	regular
demonetize	demonetized	regular
demystify	demystified	regular
denote	denoted	regular
denude	denuded	regular
deodorize	deodorized	regular
deplane	deplaned	regular
deposit	deposited	regular
desegregate	desegregated	regular
destroy	destroyed	regular
determine	determined	regular
devise	devised	regular
dicker	dickered	regular
die	died	regular
diet	dieted	regular
dike	diked	regular
dim	dimmed	regular
dirty	dirtied	regular
discern	discerned	regular
discipline	disciplined	regular
disclaim	disclaimed	regular
disembody	disembodied	regular
disfrock	disfrocked	regular
disgust	disgusted	regular
disinherit	disinherited	regular
disintegrate	disintegrated	regular
disinter	disinterred	regular
dismast	dismasted	regular
dismount	dismounted	regular
dispatch	dispatched	regular
dispel	dispelled	regular
dispose	disposed	regular
dispossess	dispossessed	regular
distort	distorted	regular
drub	drubbed	regular
dwarf	dwarfed	regular
editorialize	editorialized	regular
effectuate	effectuated	regular
effloresce	effloresced	regular
ejaculate	ejaculated	regular
elbow	elbowed	regular
elicit	elicited	regular
elide	elided	regular
elongate	elongated	regular
embalm	embalmed	regular
embellish	embellished	regular
embezzle	embezzled	regular
embroil	embroiled	regular
emerge	emerged	regular
emote	emoted	regular
emulsify	emulsified	regular
enable	enabled	regular
enamour	enamoured	regular
encamp	encamped	regular
engulf	engulfed	regular
enjoin	enjoined	regular
enlarge	enlarged	regular
enwrap	enwrapped	regular
eradicate	eradicated	regular
escort	escorted	regular
evaluate	evaluated	regular
evangelize	evangelized	regular
excavate	excavated	regular
exhilarate	exhilarated	regular
exhume	exhumed	regular
expand	expanded	regular
expectorate	expectorated	regular
expedite	expedited	regular
export	exported	regular
fabricate	fabricated	regular
fail	failed	regular
fan	fanned	regular
fast	fasted	regular
fear	feared	regular
fell	felled	regular
fetch	fetched	regular
fight	fought	irregular
fireproof	fireproofed	regular
fish	fished	regular
flatten	flattened	regular
fledge	fledged	regular
flick	flicked	regular
flip	flipped	regular
flummox	flummoxed	regular
fondle	fondled	regular
forage	foraged	regular
forbear	forbore	irregular
formalize	formalized	regular
fracture	fractured	regular
frank	franked	regular
freelance	freelanced	regular
frustrate	frustrated	regular
fuck	fucked	regular
game	gamed	regular
gather	gathered	regular
gear	geared	regular
gift	gifted	regular
gleam	gleamed	regular
gloss	glossed	regular
go	went	irregular
goad	goaded	regular
groom	groomed	regular
gum	gummed	regular
gurgle	gurgled	regular
hammer	hammered	regular
handpick	handpicked	regular
harm	harmed	regular
hash	hashed	regular
hassle	hassled	regular
hawk	hawked	regular
heckle	heckled	regular
hector	hectored	regular
hire	hired	regular
hit	hit	regular
holystone	holystoned	regular
hoodwink	hoodwinked	regular
hook	hooked	regular
hunt	hunted	regular
hymn	hymned	regular
hypothesize	hypothesized	regular
idle	idled	regular
idolize	idolized	regular
immerse	immersed	regular
immure	immured	regular
impale	impaled	regular
impede	impeded	regular
importune	importuned	regular
imprison	imprisoned	regular
index	indexed	regular
infiltrate	infiltrated	regular
influence	influenced	regular
inform	informed	regular
ingest	ingested	regular
inseminate	inseminated	regular
inspect	inspected	regular
institute	instituted	regular
instrument	instrumented	regular
interlard	interlarded	regular
internationalize	internationalized	regular
invent	invented	regular
invigilate	invigilated	regular
italicize	italicized	regular
itemize	itemized	regular
jabber	jabbered	regular
jimmy	jimmied	regular
jinx	jinxed	regular
jockey	jockeyed	regular
kick	kicked	regular
label	labeled	regular
lamb	lambed	regular
lard	larded	regular
larrup	larruped	regular
lash	lashed	regular
lave	laved	regular
leer	leered	regular
legalize	legalized	regular
libel	libelled	regular
liberate	liberated	regular
lick	licked	regular
link	linked	regular
list	listed	regular
liven	livened	regular
loathe	loathed	regular
low	lowed	regular
lubricate	lubricated	regular
lute	luted	regular
mandate	mandated	regular
manifest	manifested	regular
manumit	manumitted	regular
mar	marred	regular
maraud	marauded	regular
masquerade	masqueraded	regular
massacre	massacred	regular
match	matched	regular
melt	melted	regular
menace	menaced	regular
mend	mended	regular
mew	mewed	regular
microfilm	microfilmed	regular
mint	minted	regular
misconduct	misconducted	regular
misdemean	misdemeaned	regular
mishear	misheard	irregular
misprint	misprinted	regular
misread	misread	regular
mist	misted	regular
mistake	mistook	irregular
mitigate	mitigated	regular
mob	mobbed	regular
mollycoddle	mollycoddled	regular
moot	mooted	regular
muckrake	muckraked	regular
murder	murdered	regular
mushroom	mushroomed	regular
muster	mustered	regular
mutate	mutated	regular
nominate	nominated	regular
notate	notated	regular
nurse	nursed	regular
nurture	nurtured	regular
observe	observed	regular
orchestrate	orchestrated	regular
outlive	outlived	regular
outnumber	outnumbered	regular
overpay	overpaid	irregular
overreach	overreached	regular
overtax	overtaxed	regular
pad	padded	regular
palisade	palisaded	regular
pall	palled	regular
panic	panicked	regular
paragraph	paragraphed	regular
parody	parodied	regular
parry	parried	regular
parse	parsed	regular
partake	partook	irregular
pauperize	pauperized	regular
peddle	peddled	regular
perturb	perturbed	regular
piece	pieced	regular
piffle	piffled	regular
pillow	pillowed	regular
pine	pined	regular
pinion	pinioned	regular
pitch	pitched	regular
plague	plagued	regular
plane	planed	regular
plaster	plastered	regular
plate	plated	regular
plunder	plundered	regular
pod	podded	regular
poke	poked	regular
poll	polled	regular
pollute	polluted	regular
pooh-pooh	pooh-poohed	regular
possess	possessed	regular
postpone	postponed	regular
pounce	pounced	regular
precede	preceded	regular
precook	precooked	regular
preheat	preheated	regular
preordain	preordained	regular
preset	preset	regular
presume	presumed	regular
prink	prinked	regular
process	processed	regular
profile	profiled	regular
profiteer	profiteered	regular
proof	proofed	regular
propound	propounded	regular
prorogue	prorogued	regular
proscribe	proscribed	regular
protrude	protruded	regular
prove	proved	regular
pucker	puckered	regular
pump	pumped	regular
pun	punned	regular
pupate	pupated	regular
putty	puttied	regular
quell	quelled	regular
question	questioned	regular
racketeer	racketeered	regular
rank	ranked	regular
rant	ranted	regular
rate	rated	regular
rave	raved	regular
raze	razed	regular
recalculate	recalculated	regular
recite	recited	regular
reclaim	reclaimed	regular
recollect	recollected	regular
reconnoitre	reconnoitred	regular
recoup	recouped	regular
recreate	recreated	regular
redirect	redirected	regular
redistribute	redistributed	regular
reelect	reelected	regular
refit	refitted	regular
refold	refolded	regular
refresh	refreshed	regular
register	registered	regular
reinstate	reinstated	regular
rejuvenate	rejuvenated	regular
relegate	relegated	regular
relinquish	relinquished	regular
reload	reloaded	regular
renounce	renounced	regular
repossess	repossessed	regular
reprimand	reprimanded	regular
reprobate	reprobated	regular
reshuffle	reshuffled	regular
respect	respected	regular
respire	respired	regular
restart	restarted	regular
restructure	restructured	regular
result	resulted	regular
ret	retted	regular
retaliate	retaliated	regular
retread	retreaded	regular
reunite	reunited	regular
revalue	revalued	regular
revel	revelled	regular
reverence	reverenced	regular
revisit	revisited	regular
revolve	revolved	regular
rid	rid	regular
rock	rocked	regular
roll	rolled	regular
rook	rooked	regular
roughhouse	roughhoused	regular
row	rowed	regular
ruddle	ruddled	regular
sabre	sabred	regular
salt	salted	regular
sanction	sanctioned	regular
saw	sawed	regular
scallop	scalloped	regular
scarify	scarified	regular
scat	scatted	regular
schematize	schematized	regular
scintillate	scintillated	regular
scrabble	scrabbled	regular
scrape	scraped	regular
scratch	scratched	regular
screw	screwed	regular
seal	sealed	regular
sedate	sedated	regular
see	saw	irregular
seem	seemed	regular
seep	seeped	regular
seesaw	seesawed	regular
seine	seined	regular
select	selected	regular
sell	sold	irregular
sever	severed	regular
sex	sexed	regular
shadowbox	shadowboxed	regular
shape	shaped	regular
share	shared	regular
shelter	sheltered	regular
shepherd	shepherded	regular
shimmer	shimmered	regular
shiver	shivered	regular
shoulder	shouldered	regular
shovel	shoveled	regular
shun	shunned	regular
shush	shushed	regular
silver	silvered	regular
site	sited	regular
sizzle	sizzled	regular
skewer	skewered	regular
skip	skipped	regular
skitter	skittered	regular
slam	slammed	regular
slang	slanged	regular
slate	slated	regular
sleepwalk	sleepwalked	regular
slenderize	slenderized	regular
slobber	slobbered	regular
slum	slummed	regular
snag	snagged	regular
soar	soared	regular
sock	socked	regular
sole	soled	regular
solidify	solidified	regular
soliloquize	soliloquized	regular
solve	solved	regular
sorrow	sorrowed	regular
sound	sounded	regular
space	spaced	regular
specify	specified	regular
spew	spewed	regular
spice	spiced	regular
spiel	spieled	regular
spirit	spirited	regular
splatter	splattered	regular
spook	spooked	regular
spread	spread	regular
spurt	spurted	regular
squelch	squelched	regular
stab	stabbed	regular
stack	stacked	regular
staple	stapled	regular
steady	steadied	regular
steepen	steepened	regular
stencil	stencilled	regular
steward	stewarded	regular
stint	stinted	regular
stud	studded	regular
stump	stumped	regular
subcontract	subcontracted	regular
subsist	subsisted	regular
suit	suited	regular
sunbathe	sunbathed	regular
sunder	sundered	regular
suppose	supposed	regular
survive	survived	regular
swelter	sweltered	regular
swig	swigged	regular
swipe	swiped	regular
swivel	swiveled	regular
tarmac	tarmacked	regular
tat	tatted	regular
tax	taxed	regular
teem	teemed	regular
televise	televised	regular
tenderize	tenderized	regular
tense	tensed	regular
terminate	terminated	regular
terrorize	terrorized	regular
thaw	thawed	regular
thicken	thickened	regular
thwart	thwarted	regular
tighten	tightened	regular
tin	tinned	regular
toboggan	tobogganed	regular
torture	tortured	regular
traipse	traipsed	regular
transcend	transcended	regular
transcribe	transcribed	regular
transfuse	transfused	regular
transpire	transpired	regular
transport	transported	regular
travesty	travestied	regular
trawl	trawled	regular
treasure	treasured	regular
trephine	trephined	regular
trespass	trespassed	regular
trickle	trickled	regular
tune	tuned	regular
undermine	undermined	regular
undernourish	undernourished	regular
underplay	underplayed	regular
undervalue	undervalued	regular
up	upped	regular
update	updated	regular
vandalize	vandalized	regular
varnish	varnished	regular
verify	verified	regular
volley	volleyed	regular
waddle	waddled	regular
wake	woke	irregular
wallop	walloped	regular
waltz	waltzed	regular
water	watered	regular
weary	wearied	regular
wed	wed	regular
whisper	whispered	regular
whoop	whooped	regular
wiggle	wiggled	regular
wink	winked	regular
wire	wired	regular
wish	wished	regular
worm	wormed	regular
worst	worsted	regular
wreak	wreaked	regular
wrestle	wrestled	regular
yield	yielded	regular
yodel	yodeled	regular
