aamiainen	aamiaisen
absolutisti	absolutistin
aggressio	aggression
äijä	äijän
aika	ajan
aineisto	aineiston
aisti	aistin
algoritmi	algoritmin
altistuminen	altistumisen
altistus	altistuksen
alumni	alumnin
analysointi	analysoinnin
antaminen	antamisen
arkku	arkun
armeija	armeijan
aromi	aromin
arvoitus	arvoituksen
aski	askin
aspiriini	aspiriinin
aste	asteen
attentaatti	attentaatin
autoilu	autoilun
avain	avaimen
azeri	azerin
brandi	brandin
byrokratia	byrokratian
data	datan
diplomatia	diplomatian
divisioona	divisioonan
draama	draaman
edustaja	edustajan
eläin	eläimen
elementti	elementin
epäilijä	epäilijän
esine	esineen
esitelmä	esitelmän
esittely	esittelyn
este	esteen
evä	evän
eväs	evään
farsi	farsin
fasismi	fasismin
festari	festarin
flada	fladan
fraasi	fraasin
frakki	frakin
grafiikka	grafiikan
gramofoni	gramofonin
haalarit	haalaritin
haave	haaveen
hakkerointi	hakkeroinnin
hallinnointi	hallinnoinnin
haltija	haltijan
hälytys	hälytyksen
hame	hameen
häpeä	häpeän
happo	hapon
haravointi	haravoinnin
harjoittelu	harjoittelun
havainto	havainnon
havu	havun
heikentyminen	heikentymisen
helpotus	helpotuksen
hiihtäjä	hiihtäjän
historioitsija	historioitsijan
horisontti	horisontin
höyhen	höyhenen
huijari	huijarin
huitominen	huitomisen
huoli	huolen
huomautus	huomautuksen
hupeneminen	hupenemisen
huvi	huvin
hyödyke	hyödykkeen
hyppyri	hyppyrin
idea	idean
ideologia	ideologian
ilmaantuvuus	ilmaantuvuuden
imitaatio	imitaation
innovatiivisuus	innovatiivisuuden
investointi	investoinnin
istumapaikka	istumapaikan
jälki	jäljen
jälkkäri	jälkkärin
järjestäytyminen	järjestäytymisen
jäsen	jäsenen
jeesus	jeesuksen
johdos	johdoksen
joki	joen
journalisti	journalistin
juhlinta	juhlinnan
juoma	juoman
juotava	juotavan
käänne	käänteen
kaapeli	kaapelin
kaatuminen	kaatumisen
kaavake	kaavakkeen
kahina	kahinan
kaikkeus	kaikkeuden
kaipuu	kaipuun
kaiutin	kaiuttimen
kakku	kakun
kalastaja	kalastajan
kamara	kamaran
kamera	kameran
kampaus	kampauksen
kanssamatkustaja	kanssamatkustajan
kantti	kantin
karies	karieksen
kärjistyminen	kärjistymisen
kärpänen	kärpäsen
kasakka	kasakan
kasvaminen	kasvamisen
kasvi	kasvin
katamaraani	katamaraanin
katkeruus	katkeruuden
katsaus	katsauksen
katse	katseen
kauhu	kauhun
käytös	käytöksen
käyttäjä	käyttäjän
käyttäytyminen	käyttäytymisen
kehä	kehän
kehittyminen	kehittymisen
keikkailu	keikkailun
kellastuminen	kellastumisen
kenraali	kenraalin
kerho	kerhon
kertoja	kertojan
keruu	keruun
keskittymä	keskittymän
kevät	kevään
kieli	kielen
kiinnostunut	kiinnostuneen
kinkku	kinkun
kipuaja	kipuajan
kirjain	kirjaimen
kirjallisuus	kirjallisuuden
kirjasto	kirjaston
kirjavuus	kirjavuuden
kitka	kitkan
klooni	kloonin
kohdistus	kohdistuksen
koi	koin
koira	koiran
koju	kojun
kolkka	kolkan
kolmasosa	kolmasosan
kolo	kolon
kolvi	kolvin
komitea	komitean
kompetenssi	kompetenssin
komposti	kompostin
konflikti	konfliktin
konsertti	konsertin
konservatismi	konservatismin
koodaaminen	koodaamisen
kooma	kooman
koputtaminen	koputtamisen
korostus	korostuksen
kosto	koston
koulu	koulun
kramppi	krampin
kuitti	kuitin
kulho	kulhon
kuljettaja	kuljettajan
kulkija	kulkijan
kuolio	kuolion
kuolleisuus	kuolleisuuden
kuollut	kuolleen
kuopus	kuopuksen
kuorma	kuorman
kurkku	kurkun
kuula	kuulan
kuusikko	kuusikon
kuvio	kuvion
kyltti	kyltin
kypsyminen	kypsymisen
kysyntä	kysynnän
kyynisyys	kyynisyyden
lääke	lääkkeen
laatu	laadun
lähestyminen	lähestymisen
laitama	laitaman
lakko	lakon
lämmittäminen	lämmittämisen
lapsuus	lapsuuden
laskija	laskijan
lasku	laskun
lätkä	lätkän
lattia	lattian
latvia	latvian
lemppari	lempparin
leski	lesken
liberaali	liberaalin
liitto	liiton
linja	linjan
lintu	linnun
logopedia	logopedian
lohi	lohen
lomake	lomakkeen
louhinta	louhinnan
luennoija	luennoijan
lukema	lukeman
lukija	lukijan
lukki	lukin
luoja	luojan
luova	luovan
lupaus	lupauksen
lyömäsoitin	lyömäsoittimen
maahanmuuttaja	maahanmuuttajan
maailma	maailman
määritys	määrityksen
makkara	makkaran
mami	mamin
mammografia	mammografian
manipulointi	manipuloinnin
markkinointi	markkinoinnin
massa	massan
matelija	matelijan
mauste	mausteen
mehu	mehun
mekanismi	mekanismin
mekko	mekon
meri	meren
merkitseminen	merkitsemisen
merkki	merkin
mesi	meden
metakka	metakan
metri	metrin
mietintä	mietinnän
mikki	mikin
mökki	mökin
mörkö	mörön
muna	munan
muninta	muninnan
murtautuja	murtautujan
mutka	mutkan
myytti	myytin
näkemys	näkemyksen
näkymä	näkymän
näre	näreen
nauhoitus	nauhoituksen
nauttiminen	nauttimisen
navigaattori	navigaattorin
näyttö	näytön
neljäsosa	neljäsosan
nilviäinen	nilviäisen
nolous	nolouden
nopeus	nopeuden
noudattaminen	noudattamisen
nousu	nousun
nuorukainen	nuorukaisen
nuotio	nuotion
nuuska	nuuskan
ohje	ohjeen
oja	ojan
olento	olennon
ongelma	ongelman
onni	onnen
ooppera	oopperan
opiskelija	opiskelijan
ortopedia	ortopedian
osaaminen	osaamisen
ostaja	ostajan
otos	otoksen
ovi	oven
päällekkäisyys	päällekkäisyyden
pähkinä	pähkinän
painostus	painostuksen
painotus	painotuksen
päivällinen	päivällisen
päivitys	päivityksen
pakkaus	pakkauksen
palatsi	palatsin
pallo	pallon
palvelu	palvelun
pamppu	pampun
parannus	parannuksen
parras	partaan
patja	patjan
pätkä	pätkän
peili	peilin
pelko	pelon
penisilliini	penisilliinin
penni	pennin
perä	perän
perjantai	perjantain
perusta	perustan
peruste	perusteen
pesue	pesueen
peto	pedon
piano	pianon
pihvi	pihvin
pistooli	pistoolin
pituus	pituuden
pizza	pizzan
plösö	plösön
portti	portin
postaus	postauksen
prioriteetti	prioriteetin
provokaatio	provokaation
pub	pubin
pudotus	pudotuksen
puhelin	puhelimen
puolestapuhuja	puolestapuhujan
puolustaja	puolustajan
puristelu	puristelun
puuhailu	puuhailun
puuska	puuskan
pyöräilijä	pyöräilijän
pyöräily	pyöräilyn
raana	raanan
raati	raadin
radiologia	radiologian
rakastaja	rakastajan
raketti	raketin
raksi	raksin
ranne	ranteen
ranska	ranskan
ranta	rannan
rappio	rappion
rasva	rasvan
ratas	rattaan
ratkaisija	ratkaisijan
reagointi	reagoinnin
renessanssi	renessanssin
repeämä	repeämän
retkue	retkueen
reuna	reunan
rikki	rikin
rikkoutuminen	rikkoutumisen
rikollisuus	rikollisuuden
rock	rockin
roisto	roiston
rokotus	rokotuksen
roomalainen	roomalaisen
roska	roskan
rotta	rotan
rouhe	rouheen
routa	roudan
rumpu	rummun
runko	rungon
runo	runon
ruokailu	ruokailun
ruska	ruskan
ruukku	ruukun
ryminä	ryminän
saarna	saarnan
säde	säteen
sadettaja	sadettajan
saha	sahan
sähköistys	sähköistyksen
sakeus	sakeuden
sammalikko	sammalikon
saunominen	saunomisen
scifi	scifin
seitsemänkymppinen	seitsemänkymppisen
sekaannus	sekaannuksen
seksuaalisuus	seksuaalisuuden
selitys	selityksen
seuralainen	seuralaisen
seuraus	seurauksen
siirto	siirron
siirtolaisuus	siirtolaisuuden
sijoittuminen	sijoittumisen
sikari	sikarin
silittäminen	silittämisen
sisu	sisun
sisustus	sisustuksen
sitoutuminen	sitoutumisen
sohva	sohvan
sopu	sovun
sormus	sormuksen
sosiologi	sosiologin
soutaminen	soutamisen
sovellutus	sovellutuksen
spekulaatio	spekulaation
stabiliteetti	stabiliteetin
sukkula	sukkulan
sulka	sulan
sunnuntai	sunnuntain
suositus	suosituksen
surmaaja	surmaajan
suutelu	suutelun
suvaitsemattomuus	suvaitsemattomuuden
syleily	syleilyn
symboli	symbolin
synty	synnyn
syöksy	syöksyn
syrjintä	syrjinnän
systeemi	systeemin
syvyys	syvyyden
syyttely	syyttelyn
taantuma	taantuman
taide	taiteen
taito	taidon
takaaminen	takaamisen
tango	tangon
tanssija	tanssijan
tarina	tarinan
tarjoaja	tarjoajan
tarkastaja	tarkastajan
tärkeys	tärkeyden
tarkistin	tarkistimen
tarkkailija	tarkkailijan
taulukko	taulukon
tekeminen	tekemisen
tekniikka	tekniikan
tempaus	tempauksen
teoria	teorian
teuras	teuraan
teurastamo	teurastamon
tietous	tietouden
tilli	tillin
tiski	tiskin
todistaminen	todistamisen
toimittaja	toimittajan
toosa	toosan
torppa	torpan
torttu	tortun
tosite	tositteen
toteuttaja	toteuttajan
transito	transiton
tšagatai	tšagatain
tšekkiläinen	tšekkiläisen
tuiverrus	tuiverruksen
tulkki	tulkin
tulostus	tulostuksen
tungos	tungoksen
tunne	tunteen
tunnistaminen	tunnistamisen
tunti	tunnin
tuottaja	tuottajan
turismi	turismin
tweet	tweetin
tyhjiö	tyhjiön
tykki	tykin
työpaikka	työpaikan
uimala	uimalan
urakoitsija	urakoitsijan
urkuri	urkurin
uudistuminen	uudistumisen
uusinta	uusinnan
vaara	vaaran
vääryys	vääryyden
vaihde	vaihteen
vaihe	vaiheen
vaihtelu	vaihtelun
vaikutelma	vaikutelman
vakuutus	vakuutuksen
valitseminen	valitsemisen
valmius	valmiuden
valokuvaaja	valokuvaajan
valtuutettu	valtuutetun
vanhus	vanhuksen
väri	värin
varis	variksen
värjääminen	värjäämisen
varjo	varjon
varoaika	varoajan
vastaantulija	vastaantulijan
vastakkainasettelu	vastakkainasettelun
vatja	vatjan
veikkaus	veikkauksen
veljes	veljeksen
venäläinen	venäläisen
versio	version
vessa	vessan
vihreä	vihreän
viiva	viivan
viljelijä	viljelijän
vinkki	vinkin
virasto	viraston
virtuoosi	virtuoosin
voimakkuus	voimakkuuden
vuohi	vuohen
vuokraus	vuokrauksen
yhdistäminen	yhdistämisen
yksikkö	yksikön
